<?xml version="1.0" encoding="UTF-8"?>
<project xmlns="http://maven.apache.org/POM/4.0.0" xmlns:xsi="http://www.w3.org/2001/XMLSchema-instance" xsi:schemaLocation="http://maven.apache.org/POM/4.0.0 http://maven.apache.org/maven-v4_0_0.xsd">
  <parent>
    <artifactId>flink-examples-1.9</artifactId>
    <groupId>cas.myself</groupId>
    <version>1.0-SNAPSHOT</version>
  </parent>
  <modelVersion>4.0.0</modelVersion>
  <artifactId>flink-examples-batch_2.11</artifactId>
  <name>flink-examples-batch</name>
  <build>
    <plugins>
      <plugin>
        <groupId>net.alchim31.maven</groupId>
        <artifactId>scala-maven-plugin</artifactId>
        <executions>
          <execution>
            <id>scala-compile-first</id>
            <phase>process-resources</phase>
            <goals>
              <goal>compile</goal>
            </goals>
          </execution>
        </executions>
        <configuration>
          <jvmArgs>
            <jvmArg>-Xms128m</jvmArg>
            <jvmArg>-Xmx512m</jvmArg>
          </jvmArgs>
        </configuration>
      </plugin>
      <plugin>
        <artifactId>maven-eclipse-plugin</artifactId>
        <version>2.8</version>
        <configuration>
          <downloadSources>true</downloadSources>
          <projectnatures>
            <projectnature>org.scala-ide.sdt.core.scalanature</projectnature>
            <projectnature>org.eclipse.jdt.core.javanature</projectnature>
          </projectnatures>
          <buildcommands>
            <buildcommand>org.scala-ide.sdt.core.scalabuilder</buildcommand>
          </buildcommands>
          <classpathContainers>
            <classpathContainer>org.scala-ide.sdt.launching.SCALA_CONTAINER</classpathContainer>
            <classpathContainer>org.eclipse.jdt.launching.JRE_CONTAINER</classpathContainer>
          </classpathContainers>
          <excludes>
            <exclude>org.scala-lang:scala-library</exclude>
            <exclude>org.scala-lang:scala-compiler</exclude>
          </excludes>
          <sourceIncludes>
            <sourceInclude>**/*.scala</sourceInclude>
            <sourceInclude>**/*.java</sourceInclude>
          </sourceIncludes>
        </configuration>
      </plugin>
      <plugin>
        <groupId>org.codehaus.mojo</groupId>
        <artifactId>build-helper-maven-plugin</artifactId>
        <executions>
          <execution>
            <id>add-source</id>
            <phase>generate-sources</phase>
            <goals>
              <goal>add-source</goal>
            </goals>
            <configuration>
              <sources>
                <source>src/main/scala</source>
              </sources>
            </configuration>
          </execution>
          <execution>
            <id>add-test-source</id>
            <phase>generate-test-sources</phase>
            <goals>
              <goal>add-test-source</goal>
            </goals>
            <configuration>
              <sources>
                <source>src/test/scala</source>
              </sources>
            </configuration>
          </execution>
        </executions>
      </plugin>
      <plugin>
        <groupId>org.scalastyle</groupId>
        <artifactId>scalastyle-maven-plugin</artifactId>
        <configuration>
          <configLocation>${project.basedir}/../../tools/maven/scalastyle-config.xml</configLocation>
        </configuration>
      </plugin>
      <plugin>
        <artifactId>maven-jar-plugin</artifactId>
        <executions>
          <execution>
            <id>KMeans</id>
            <phase>package</phase>
            <goals>
              <goal>jar</goal>
            </goals>
            <configuration>
              <classifier>KMeans</classifier>
              <archive>
                <manifestEntries>
                  <program-class>org.apache.flink.examples.java.clustering.KMeans</program-class>
                </manifestEntries>
              </archive>
              <includes>
                <include>**/java/clustering/KMeans.class</include>
                <include>**/java/clustering/KMeans$*.class</include>
                <include>**/java/clustering/util/KMeansDataGenerator.class</include>
                <include>**/java/clustering/util/KMeansData.class</include>
              </includes>
            </configuration>
          </execution>
          <execution>
            <id>TransitiveClosure</id>
            <phase>package</phase>
            <goals>
              <goal>jar</goal>
            </goals>
            <configuration>
              <classifier>TransitiveClosure</classifier>
              <archive>
                <manifestEntries>
                  <program-class>org.apache.flink.examples.java.graph.TransitiveClosureNaive</program-class>
                </manifestEntries>
              </archive>
              <includes>
                <include>**/java/graph/TransitiveClosureNaive.class</include>
                <include>**/java/graph/TransitiveClosureNaive$*.class</include>
                <include>**/java/graph/util/ConnectedComponentsData.class</include>
              </includes>
            </configuration>
          </execution>
          <execution>
            <id>ConnectedComponents</id>
            <phase>package</phase>
            <goals>
              <goal>jar</goal>
            </goals>
            <configuration>
              <classifier>ConnectedComponents</classifier>
              <archive>
                <manifestEntries>
                  <program-class>org.apache.flink.examples.java.graph.ConnectedComponents</program-class>
                </manifestEntries>
              </archive>
              <includes>
                <include>**/java/graph/ConnectedComponents.class</include>
                <include>**/java/graph/ConnectedComponents$*.class</include>
                <include>**/java/graph/util/ConnectedComponentsData.class</include>
              </includes>
            </configuration>
          </execution>
          <execution>
            <id>EnumTriangles</id>
            <phase>package</phase>
            <goals>
              <goal>jar</goal>
            </goals>
            <configuration>
              <classifier>EnumTriangles</classifier>
              <archive>
                <manifestEntries>
                  <program-class>org.apache.flink.examples.java.graph.EnumTriangles</program-class>
                </manifestEntries>
              </archive>
              <includes>
                <include>**/java/graph/EnumTriangles.class</include>
                <include>**/java/graph/EnumTriangles$*.class</include>
                <include>**/java/graph/util/EnumTrianglesDataTypes.class</include>
                <include>**/java/graph/util/EnumTrianglesDataTypes$*.class</include>
                <include>**/java/graph/util/EnumTrianglesData.class</include>
              </includes>
            </configuration>
          </execution>
          <execution>
            <id>PageRank</id>
            <phase>package</phase>
            <goals>
              <goal>jar</goal>
            </goals>
            <configuration>
              <classifier>PageRank</classifier>
              <archive>
                <manifestEntries>
                  <program-class>org.apache.flink.examples.java.graph.PageRank</program-class>
                </manifestEntries>
              </archive>
              <includes>
                <include>**/java/graph/PageRank.class</include>
                <include>**/java/graph/PageRank$*.class</include>
                <include>**/java/graph/util/PageRankData.class</include>
              </includes>
            </configuration>
          </execution>
          <execution>
            <id>WebLogAnalysis</id>
            <phase>package</phase>
            <goals>
              <goal>jar</goal>
            </goals>
            <configuration>
              <classifier>WebLogAnalysis</classifier>
              <archive>
                <manifestEntries>
                  <program-class>org.apache.flink.examples.java.relational.WebLogAnalysis</program-class>
                </manifestEntries>
              </archive>
              <includes>
                <include>**/java/relational/WebLogAnalysis.class</include>
                <include>**/java/relational/WebLogAnalysis$*.class</include>
                <include>**/java/relational/util/WebLogData.class</include>
                <include>**/java/relational/util/WebLogDataGenerator.class</include>
              </includes>
            </configuration>
          </execution>
          <execution>
            <id>WordCount</id>
            <phase>package</phase>
            <goals>
              <goal>jar</goal>
            </goals>
            <configuration>
              <classifier>WordCount</classifier>
              <archive>
                <manifestEntries>
                  <program-class>org.apache.flink.examples.java.wordcount.WordCount</program-class>
                </manifestEntries>
              </archive>
              <includes>
                <include>**/java/wordcount/WordCount.class</include>
                <include>**/java/wordcount/WordCount$*.class</include>
                <include>**/java/wordcount/util/WordCountData.class</include>
              </includes>
            </configuration>
          </execution>
          <execution>
            <id>DistCp</id>
            <phase>package</phase>
            <goals>
              <goal>jar</goal>
            </goals>
            <configuration>
              <classifier>DistCp</classifier>
              <archive>
                <manifestEntries>
                  <program-class>org.apache.flink.examples.java.distcp.DistCp</program-class>
                </manifestEntries>
              </archive>
              <includes>
                <include>**/java/distcp/*</include>
              </includes>
            </configuration>
          </execution>
        </executions>
      </plugin>
      <plugin>
        <artifactId>maven-antrun-plugin</artifactId>
        <executions>
          <execution>
            <id>rename</id>
            <configuration>
              <target>
                <copy />
                <copy />
                <copy />
                <copy />
                <copy />
                <copy />
                <copy />
                <copy />
              </target>
            </configuration>
          </execution>
        </executions>
      </plugin>
    </plugins>
  </build>
  <dependencies>
    <dependency>
      <groupId>org.apache.flink</groupId>
      <artifactId>flink-test-utils-junit</artifactId>
      <version>1.9.0</version>
      <scope>test</scope>
      <exclusions>
        <exclusion>
          <artifactId>junit</artifactId>
          <groupId>junit</groupId>
        </exclusion>
      </exclusions>
    </dependency>
  </dependencies>
</project>

